index,sequence,parent_index,interface_score,total_score,catalytic_score,interface_potential,total_potential,catalytic_potential,relax_interface_score,relax_total_score,relax_catalytic_score,design_interface_score,design_total_score,design_catalytic_score,generation,mutations,design_method,score_taken_from,blocked,cat_resi,cat_resn,kbt_boltzmann,luca
0,MNTPEHLTAVVQRLVAADNAGDLDGIVALFADDATVENPVGSEPRSGTAAIRELIANWLKLPLAVELTQEIRVVANEVAFAFIVSFEYQGRKYVVAPIVHIRFNGAGKIVSMRFLFGEKNIHAGA,Parent,-17.69300000000294,-380.328,1.1609999999999998,-17.69300000000294,-380.328,1.1609999999999998,,,,-17.69300000000294,-380.328,1.1609999999999998,0,14.0,RosettaDesign,Design,False,18,ASP,0.02,UM_4_D18_22_1ohp_Rosetta_Relax_aligned_MATCH_APO_5TS_enzdes_1
1,,Parent,,,,,,,,,,,,,0,,RosettaDesign,,False,18,,0.02,UM_4_D18_22_1ohp_Rosetta_Relax_aligned_MATCH_APO_5TS_enzdes_1
2,MNTPEHMTAVVQRLIAADNAGDLDGIVALFADDATVENPVGSEPRSGTAAIRELIANWLKLPLAVELTQEIRVVANEVAFAFIVSFEYQGRKYVVAPIVHIRFNGAGKIVSMRFLFGEKNIHAGA,Parent,-17.731000000003405,-380.537,1.16,-17.731000000003405,-380.537,1.16,,,,-17.731000000003405,-380.537,1.16,0,14.0,RosettaDesign,Design,False,18,ASP,0.02,UM_4_D18_22_1ohp_Rosetta_Relax_aligned_MATCH_APO_5TS_enzdes_1
3,,Parent,,,,,,,,,,,,,0,,RosettaDesign,,False,18,,0.02,UM_4_D18_22_1ohp_Rosetta_Relax_aligned_MATCH_APO_5TS_enzdes_1
4,MNTPEHLTAVVQRLIAADNAGDLDGIVALFADDATVENPVGSEPRSGTAAIRELIANWLKLPLAVELTQEIRVVANEVAFAFIVSFEYQGRKYVVAPIVHIRFNGAGKIVSMRFLYGEKNIHAGA,Parent,-17.68499999999767,-382.16,1.273,-17.68499999999767,-382.16,1.273,,,,-17.68499999999767,-382.16,1.273,0,16.0,RosettaDesign,Design,False,18,ASP,0.02,UM_4_D18_22_1ohp_Rosetta_Relax_aligned_MATCH_APO_5TS_enzdes_1
5,,Parent,,,,,,,,,,,,,0,,RosettaDesign,,False,18,,0.02,UM_4_D18_22_1ohp_Rosetta_Relax_aligned_MATCH_APO_5TS_enzdes_1
6,,Parent,,,,,,,,,,,,,0,,RosettaDesign,,False,18,,0.02,UM_4_D18_22_1ohp_Rosetta_Relax_aligned_MATCH_APO_5TS_enzdes_1
7,,Parent,,,,,,,,,,,,,0,,RosettaDesign,,False,18,,0.02,UM_4_D18_22_1ohp_Rosetta_Relax_aligned_MATCH_APO_5TS_enzdes_1
8,,Parent,,,,,,,,,,,,,0,,RosettaDesign,,False,18,,0.02,UM_4_D18_22_1ohp_Rosetta_Relax_aligned_MATCH_APO_5TS_enzdes_1
9,,Parent,,,,,,,,,,,,,0,,RosettaDesign,,False,18,,0.02,UM_4_D18_22_1ohp_Rosetta_Relax_aligned_MATCH_APO_5TS_enzdes_1
10,,Parent,,,,,,,,,,,,,0,,RosettaDesign,,False,26,,0.02,UM_6_D26_14_1ohp_Rosetta_Relax_aligned_MATCH_APO_5TS_enzdes_1
11,,Parent,,,,,,,,,,,,,0,,RosettaDesign,,False,26,,0.02,UM_6_D26_14_1ohp_Rosetta_Relax_aligned_MATCH_APO_5TS_enzdes_1
12,,Parent,,,,,,,,,,,,,0,,RosettaDesign,,False,26,,0.02,UM_6_D26_14_1ohp_Rosetta_Relax_aligned_MATCH_APO_5TS_enzdes_1
13,,Parent,,,,,,,,,,,,,0,,RosettaDesign,,False,26,,0.02,UM_6_D26_14_1ohp_Rosetta_Relax_aligned_MATCH_APO_5TS_enzdes_1
14,,Parent,,,,,,,,,,,,,0,,RosettaDesign,,False,26,,0.02,UM_6_D26_14_1ohp_Rosetta_Relax_aligned_MATCH_APO_5TS_enzdes_1
15,,Parent,,,,,,,,,,,,,0,,RosettaDesign,,False,26,,0.02,UM_6_D26_14_1ohp_Rosetta_Relax_aligned_MATCH_APO_5TS_enzdes_1
16,,Parent,,,,,,,,,,,,,0,,RosettaDesign,,False,26,,0.02,UM_6_D26_14_1ohp_Rosetta_Relax_aligned_MATCH_APO_5TS_enzdes_1
17,,Parent,,,,,,,,,,,,,0,,RosettaDesign,,False,26,,0.02,UM_6_D26_14_1ohp_Rosetta_Relax_aligned_MATCH_APO_5TS_enzdes_1
18,,Parent,,,,,,,,,,,,,0,,RosettaDesign,,False,26,,0.02,UM_6_D26_14_1ohp_Rosetta_Relax_aligned_MATCH_APO_5TS_enzdes_1
19,,Parent,,,,,,,,,,,,,0,,RosettaDesign,,False,26,,0.02,UM_6_D26_14_1ohp_Rosetta_Relax_aligned_MATCH_APO_5TS_enzdes_1
20,,Parent,,,,,,,,,,,,,0,,RosettaDesign,,False,112,,0.02,UM_18_E112_69_1ohp_Rosetta_Relax_aligned_MATCH_APO_5TS_enzdes_1
21,MNTPEHLTAVVQRLVAAANAGDLDGIVALFADDATVEWPVGSEPRSGTAAIREFLANWLKLPLAVELTQEIRVVANEVAFAFIVSFEYQGRKYVVAPIVHLRFNGAGKIVSERFLFGEKNIHAGA,Parent,-19.99800000000323,-384.836,0.203,-19.99800000000323,-384.836,0.203,,,,-19.99800000000323,-384.836,0.203,0,15.0,RosettaDesign,Design,False,112,GLU,0.02,UM_18_E112_69_1ohp_Rosetta_Relax_aligned_MATCH_APO_5TS_enzdes_1
22,,Parent,,,,,,,,,,,,,0,,RosettaDesign,,False,112,,0.02,UM_18_E112_69_1ohp_Rosetta_Relax_aligned_MATCH_APO_5TS_enzdes_1
23,,Parent,,,,,,,,,,,,,0,,RosettaDesign,,False,112,,0.02,UM_18_E112_69_1ohp_Rosetta_Relax_aligned_MATCH_APO_5TS_enzdes_1
24,,Parent,,,,,,,,,,,,,0,,RosettaDesign,,False,112,,0.02,UM_18_E112_69_1ohp_Rosetta_Relax_aligned_MATCH_APO_5TS_enzdes_1
25,,Parent,,,,,,,,,,,,,0,,RosettaDesign,,False,112,,0.02,UM_18_E112_69_1ohp_Rosetta_Relax_aligned_MATCH_APO_5TS_enzdes_1
26,,Parent,,,,,,,,,,,,,0,,RosettaDesign,,False,112,,0.02,UM_18_E112_69_1ohp_Rosetta_Relax_aligned_MATCH_APO_5TS_enzdes_1
27,,Parent,,,,,,,,,,,,,0,,RosettaDesign,,False,112,,0.02,UM_18_E112_69_1ohp_Rosetta_Relax_aligned_MATCH_APO_5TS_enzdes_1
28,,Parent,,,,,,,,,,,,,0,,RosettaDesign,,False,112,,0.02,UM_18_E112_69_1ohp_Rosetta_Relax_aligned_MATCH_APO_5TS_enzdes_1
29,,Parent,,,,,,,,,,,,,0,,RosettaDesign,,False,112,,0.02,UM_18_E112_69_1ohp_Rosetta_Relax_aligned_MATCH_APO_5TS_enzdes_1
30,,Parent,,,,,,,,,,,,,0,,RosettaDesign,,False,99,,0.02,UM_19_E99_65_1ohp_Rosetta_Relax_aligned_MATCH_APO_5TS_enzdes_1
31,,Parent,,,,,,,,,,,,,0,,RosettaDesign,,False,99,,0.02,UM_19_E99_65_1ohp_Rosetta_Relax_aligned_MATCH_APO_5TS_enzdes_1
32,,Parent,,,,,,,,,,,,,0,,RosettaDesign,,False,99,,0.02,UM_19_E99_65_1ohp_Rosetta_Relax_aligned_MATCH_APO_5TS_enzdes_1
33,,Parent,,,,,,,,,,,,,0,,RosettaDesign,,False,99,,0.02,UM_19_E99_65_1ohp_Rosetta_Relax_aligned_MATCH_APO_5TS_enzdes_1
34,,Parent,,,,,,,,,,,,,0,,RosettaDesign,,False,99,,0.02,UM_19_E99_65_1ohp_Rosetta_Relax_aligned_MATCH_APO_5TS_enzdes_1
35,,Parent,,,,,,,,,,,,,0,,RosettaDesign,,False,99,,0.02,UM_19_E99_65_1ohp_Rosetta_Relax_aligned_MATCH_APO_5TS_enzdes_1
36,,Parent,,,,,,,,,,,,,0,,RosettaDesign,,False,99,,0.02,UM_19_E99_65_1ohp_Rosetta_Relax_aligned_MATCH_APO_5TS_enzdes_1
37,,Parent,,,,,,,,,,,,,0,,RosettaDesign,,False,99,,0.02,UM_19_E99_65_1ohp_Rosetta_Relax_aligned_MATCH_APO_5TS_enzdes_1
38,,Parent,,,,,,,,,,,,,0,,RosettaDesign,,False,99,,0.02,UM_19_E99_65_1ohp_Rosetta_Relax_aligned_MATCH_APO_5TS_enzdes_1
39,,Parent,,,,,,,,,,,,,0,,RosettaDesign,,False,99,,0.02,UM_19_E99_65_1ohp_Rosetta_Relax_aligned_MATCH_APO_5TS_enzdes_1
40,,Parent,,,,,,,,,,,,,0,,RosettaDesign,,False,82,,0.02,UM_16_E82_9_1ohp_Rosetta_Relax_aligned_MATCH_APO_5TS_enzdes_1
41,,Parent,,,,,,,,,,,,,0,,RosettaDesign,,False,82,,0.02,UM_16_E82_9_1ohp_Rosetta_Relax_aligned_MATCH_APO_5TS_enzdes_1
42,,Parent,,,,,,,,,,,,,0,,RosettaDesign,,False,82,,0.02,UM_16_E82_9_1ohp_Rosetta_Relax_aligned_MATCH_APO_5TS_enzdes_1
43,,Parent,,,,,,,,,,,,,0,,RosettaDesign,,False,82,,0.02,UM_16_E82_9_1ohp_Rosetta_Relax_aligned_MATCH_APO_5TS_enzdes_1
44,,Parent,,,,,,,,,,,,,0,,RosettaDesign,,False,82,,0.02,UM_16_E82_9_1ohp_Rosetta_Relax_aligned_MATCH_APO_5TS_enzdes_1
45,,Parent,,,,,,,,,,,,,0,,RosettaDesign,,False,82,,0.02,UM_16_E82_9_1ohp_Rosetta_Relax_aligned_MATCH_APO_5TS_enzdes_1
46,,Parent,,,,,,,,,,,,,0,,RosettaDesign,,False,82,,0.02,UM_16_E82_9_1ohp_Rosetta_Relax_aligned_MATCH_APO_5TS_enzdes_1
47,,Parent,,,,,,,,,,,,,0,,RosettaDesign,,False,82,,0.02,UM_16_E82_9_1ohp_Rosetta_Relax_aligned_MATCH_APO_5TS_enzdes_1
48,,Parent,,,,,,,,,,,,,0,,RosettaDesign,,False,82,,0.02,UM_16_E82_9_1ohp_Rosetta_Relax_aligned_MATCH_APO_5TS_enzdes_1
49,,Parent,,,,,,,,,,,,,0,,RosettaDesign,,False,82,,0.02,UM_16_E82_9_1ohp_Rosetta_Relax_aligned_MATCH_APO_5TS_enzdes_1
50,,Parent,,,,,,,,,,,,,0,,RosettaDesign,,False,80,,0.02,UM_13_D80_6_1ohp_Rosetta_Relax_aligned_MATCH_APO_5TS_enzdes_1
51,,Parent,,,,,,,,,,,,,0,,RosettaDesign,,False,80,,0.02,UM_13_D80_6_1ohp_Rosetta_Relax_aligned_MATCH_APO_5TS_enzdes_1
52,,Parent,,,,,,,,,,,,,0,,RosettaDesign,,False,80,,0.02,UM_13_D80_6_1ohp_Rosetta_Relax_aligned_MATCH_APO_5TS_enzdes_1
53,,Parent,,,,,,,,,,,,,0,,RosettaDesign,,False,80,,0.02,UM_13_D80_6_1ohp_Rosetta_Relax_aligned_MATCH_APO_5TS_enzdes_1
54,,Parent,,,,,,,,,,,,,0,,RosettaDesign,,False,80,,0.02,UM_13_D80_6_1ohp_Rosetta_Relax_aligned_MATCH_APO_5TS_enzdes_1
55,,Parent,,,,,,,,,,,,,0,,RosettaDesign,,False,80,,0.02,UM_13_D80_6_1ohp_Rosetta_Relax_aligned_MATCH_APO_5TS_enzdes_1
56,,Parent,,,,,,,,,,,,,0,,RosettaDesign,,False,80,,0.02,UM_13_D80_6_1ohp_Rosetta_Relax_aligned_MATCH_APO_5TS_enzdes_1
57,,Parent,,,,,,,,,,,,,0,,RosettaDesign,,False,80,,0.02,UM_13_D80_6_1ohp_Rosetta_Relax_aligned_MATCH_APO_5TS_enzdes_1
58,,Parent,,,,,,,,,,,,,0,,RosettaDesign,,False,80,,0.02,UM_13_D80_6_1ohp_Rosetta_Relax_aligned_MATCH_APO_5TS_enzdes_1
59,,Parent,,,,,,,,,,,,,0,,RosettaDesign,,False,80,,0.02,UM_13_D80_6_1ohp_Rosetta_Relax_aligned_MATCH_APO_5TS_enzdes_1
60,,Parent,,,,,,,,,,,,,0,,RosettaDesign,,False,99,,0.02,UM_19_E99_190_1ohp_Rosetta_Relax_aligned_MATCH_APO_5TS_enzdes_1
61,,Parent,,,,,,,,,,,,,0,,RosettaDesign,,False,99,,0.02,UM_19_E99_190_1ohp_Rosetta_Relax_aligned_MATCH_APO_5TS_enzdes_1
62,,Parent,,,,,,,,,,,,,0,,RosettaDesign,,False,99,,0.02,UM_19_E99_190_1ohp_Rosetta_Relax_aligned_MATCH_APO_5TS_enzdes_1
63,,Parent,,,,,,,,,,,,,0,,RosettaDesign,,False,99,,0.02,UM_19_E99_190_1ohp_Rosetta_Relax_aligned_MATCH_APO_5TS_enzdes_1
64,,Parent,,,,,,,,,,,,,0,,RosettaDesign,,False,99,,0.02,UM_19_E99_190_1ohp_Rosetta_Relax_aligned_MATCH_APO_5TS_enzdes_1
65,,Parent,,,,,,,,,,,,,0,,RosettaDesign,,False,99,,0.02,UM_19_E99_190_1ohp_Rosetta_Relax_aligned_MATCH_APO_5TS_enzdes_1
66,,Parent,,,,,,,,,,,,,0,,RosettaDesign,,False,99,,0.02,UM_19_E99_190_1ohp_Rosetta_Relax_aligned_MATCH_APO_5TS_enzdes_1
67,,Parent,,,,,,,,,,,,,0,,RosettaDesign,,False,99,,0.02,UM_19_E99_190_1ohp_Rosetta_Relax_aligned_MATCH_APO_5TS_enzdes_1
68,,Parent,,,,,,,,,,,,,0,,RosettaDesign,,False,99,,0.02,UM_19_E99_190_1ohp_Rosetta_Relax_aligned_MATCH_APO_5TS_enzdes_1
69,,Parent,,,,,,,,,,,,,0,,RosettaDesign,,False,99,,0.02,UM_19_E99_190_1ohp_Rosetta_Relax_aligned_MATCH_APO_5TS_enzdes_1
70,,Parent,,,,,,,,,,,,,0,,RosettaDesign,,False,99,,0.02,UM_17_D99_95_1ohp_Rosetta_Relax_aligned_MATCH_APO_5TS_enzdes_1
71,,Parent,,,,,,,,,,,,,0,,RosettaDesign,,False,99,,0.02,UM_17_D99_95_1ohp_Rosetta_Relax_aligned_MATCH_APO_5TS_enzdes_1
72,,Parent,,,,,,,,,,,,,0,,RosettaDesign,,False,99,,0.02,UM_17_D99_95_1ohp_Rosetta_Relax_aligned_MATCH_APO_5TS_enzdes_1
73,,Parent,,,,,,,,,,,,,0,,RosettaDesign,,False,99,,0.02,UM_17_D99_95_1ohp_Rosetta_Relax_aligned_MATCH_APO_5TS_enzdes_1
74,,Parent,,,,,,,,,,,,,0,,RosettaDesign,,False,99,,0.02,UM_17_D99_95_1ohp_Rosetta_Relax_aligned_MATCH_APO_5TS_enzdes_1
75,,Parent,,,,,,,,,,,,,0,,RosettaDesign,,False,99,,0.02,UM_17_D99_95_1ohp_Rosetta_Relax_aligned_MATCH_APO_5TS_enzdes_1
76,,Parent,,,,,,,,,,,,,0,,RosettaDesign,,False,99,,0.02,UM_17_D99_95_1ohp_Rosetta_Relax_aligned_MATCH_APO_5TS_enzdes_1
77,,Parent,,,,,,,,,,,,,0,,RosettaDesign,,False,99,,0.02,UM_17_D99_95_1ohp_Rosetta_Relax_aligned_MATCH_APO_5TS_enzdes_1
78,,Parent,,,,,,,,,,,,,0,,RosettaDesign,,False,99,,0.02,UM_17_D99_95_1ohp_Rosetta_Relax_aligned_MATCH_APO_5TS_enzdes_1
79,,Parent,,,,,,,,,,,,,0,,RosettaDesign,,False,99,,0.02,UM_17_D99_95_1ohp_Rosetta_Relax_aligned_MATCH_APO_5TS_enzdes_1
80,,Parent,,,,,,,,,,,,,0,,RosettaDesign,,False,82,,0.02,UM_16_E82_56_1ohp_Rosetta_Relax_aligned_MATCH_APO_5TS_enzdes_1
81,,Parent,,,,,,,,,,,,,0,,RosettaDesign,,False,82,,0.02,UM_16_E82_56_1ohp_Rosetta_Relax_aligned_MATCH_APO_5TS_enzdes_1
82,,Parent,,,,,,,,,,,,,0,,RosettaDesign,,False,82,,0.02,UM_16_E82_56_1ohp_Rosetta_Relax_aligned_MATCH_APO_5TS_enzdes_1
83,,Parent,,,,,,,,,,,,,0,,RosettaDesign,,False,82,,0.02,UM_16_E82_56_1ohp_Rosetta_Relax_aligned_MATCH_APO_5TS_enzdes_1
84,,Parent,,,,,,,,,,,,,0,,RosettaDesign,,False,82,,0.02,UM_16_E82_56_1ohp_Rosetta_Relax_aligned_MATCH_APO_5TS_enzdes_1
85,,Parent,,,,,,,,,,,,,0,,RosettaDesign,,False,82,,0.02,UM_16_E82_56_1ohp_Rosetta_Relax_aligned_MATCH_APO_5TS_enzdes_1
86,,Parent,,,,,,,,,,,,,0,,RosettaDesign,,False,82,,0.02,UM_16_E82_56_1ohp_Rosetta_Relax_aligned_MATCH_APO_5TS_enzdes_1
87,,Parent,,,,,,,,,,,,,0,,RosettaDesign,,False,82,,0.02,UM_16_E82_56_1ohp_Rosetta_Relax_aligned_MATCH_APO_5TS_enzdes_1
88,,Parent,,,,,,,,,,,,,0,,RosettaDesign,,False,82,,0.02,UM_16_E82_56_1ohp_Rosetta_Relax_aligned_MATCH_APO_5TS_enzdes_1
89,,Parent,,,,,,,,,,,,,0,,RosettaDesign,,False,82,,0.02,UM_16_E82_56_1ohp_Rosetta_Relax_aligned_MATCH_APO_5TS_enzdes_1
90,,Parent,,,,,,,,,,,,,0,,RosettaDesign,,False,65,,0.02,UM_12_D65_66_1ohp_Rosetta_Relax_aligned_MATCH_APO_5TS_enzdes_1
91,,Parent,,,,,,,,,,,,,0,,RosettaDesign,,False,65,,0.02,UM_12_D65_66_1ohp_Rosetta_Relax_aligned_MATCH_APO_5TS_enzdes_1
92,,Parent,,,,,,,,,,,,,0,,RosettaDesign,,False,65,,0.02,UM_12_D65_66_1ohp_Rosetta_Relax_aligned_MATCH_APO_5TS_enzdes_1
93,,Parent,,,,,,,,,,,,,0,,RosettaDesign,,False,65,,0.02,UM_12_D65_66_1ohp_Rosetta_Relax_aligned_MATCH_APO_5TS_enzdes_1
94,,Parent,,,,,,,,,,,,,0,,RosettaDesign,,False,65,,0.02,UM_12_D65_66_1ohp_Rosetta_Relax_aligned_MATCH_APO_5TS_enzdes_1
95,,Parent,,,,,,,,,,,,,0,,RosettaDesign,,False,65,,0.02,UM_12_D65_66_1ohp_Rosetta_Relax_aligned_MATCH_APO_5TS_enzdes_1
96,,Parent,,,,,,,,,,,,,0,,RosettaDesign,,False,65,,0.02,UM_12_D65_66_1ohp_Rosetta_Relax_aligned_MATCH_APO_5TS_enzdes_1
97,,Parent,,,,,,,,,,,,,0,,RosettaDesign,,False,65,,0.02,UM_12_D65_66_1ohp_Rosetta_Relax_aligned_MATCH_APO_5TS_enzdes_1
98,,Parent,,,,,,,,,,,,,0,,RosettaDesign,,False,65,,0.02,UM_12_D65_66_1ohp_Rosetta_Relax_aligned_MATCH_APO_5TS_enzdes_1
99,,Parent,,,,,,,,,,,,,0,,RosettaDesign,,False,65,,0.02,UM_12_D65_66_1ohp_Rosetta_Relax_aligned_MATCH_APO_5TS_enzdes_1
100,,Parent,,,,,,,,,,,,,0,,RosettaDesign,,False,26,,0.02,UM_8_E26_81_1ohp_Rosetta_Relax_aligned_MATCH_APO_5TS_enzdes_1
101,,Parent,,,,,,,,,,,,,0,,RosettaDesign,,False,26,,0.02,UM_8_E26_81_1ohp_Rosetta_Relax_aligned_MATCH_APO_5TS_enzdes_1
102,,Parent,,,,,,,,,,,,,0,,RosettaDesign,,False,26,,0.02,UM_8_E26_81_1ohp_Rosetta_Relax_aligned_MATCH_APO_5TS_enzdes_1
103,,Parent,,,,,,,,,,,,,0,,RosettaDesign,,False,26,,0.02,UM_8_E26_81_1ohp_Rosetta_Relax_aligned_MATCH_APO_5TS_enzdes_1
