index,sequence,parent_index,luca,cat_resn,cat_resi,interface_score,total_score,catalytic_score,interface_potential,total_potential,catalytic_potential,generation,mutations,design_method,score_taken_from,kbt_boltzmann
0.0,MNTPEHLTAVVQRWVAALNAGDLDGIVALYADDATVEVPVGSEPRSGTAAIREWWANYLKLPLAVELTQEVRVVANEAAFAFIMSFEYQGRKIVVAPITHWRFNGAGKIVSERLLFGEKNIHAGA,Parent,UM_17_D99_27_1ohp_Rosetta_Relax_MATCH_APO_5TS_enzdes_1,GLU,112.0,-19.294999999999163,-377.798,1.346,-19.294999999999163,-377.798,1.346,0.0,15.0,RosettaDesign,Relax,0.05
1.0,MNTPEHLTAVVQRWVAAANAGDLDGIVALYADDATVEVPVGSEPRSGTAAIREWWANFLKLPIAVELTQEVRVVANEAAFAFIMSFEYQGRKIVVAPIIHWRFNGAGKIVSERLLFGEKNIHAGA,Parent,UM_17_D99_27_1ohp_Rosetta_Relax_MATCH_APO_5TS_enzdes_1,GLU,112.0,-19.412000000000265,-375.775,1.704,-19.412000000000265,-375.775,1.704,0.0,17.0,RosettaDesign,Design,0.05
2.0,MNTPEHLTAVVQRWVAAWNAGDLDGLVALFADDATVEAPVGSEPRSGTAAIRELIANILKLPLAIELTQEIRVVANEAAAAFIVSFEYQGRKIVVAPIVHFRFNGAGKIVSERLLFGEKNIHAGA,Parent,UM_17_D99_27_1ohp_Rosetta_Relax_MATCH_APO_5TS_enzdes_1,GLU,112.0,-14.157000000000153,-369.248,1.42,-14.157000000000153,-369.248,1.42,0.0,17.0,RosettaDesign,Design,0.05
3.0,MNTPEHLTAVLQRWVAAWNAGDLDGLVALFADDATVEAPVGSEPRSGTAAIRELIANILKLPLAIELTQEIRVVANEAAFAFIVSFEYQGRKIVVAPIVHFRFNGAGKIVSERLLFGEKNVHAGA,Parent,UM_17_D99_27_1ohp_Rosetta_Relax_MATCH_APO_5TS_enzdes_1,GLU,112.0,-14.865000000000691,-374.442,2.092,-14.865000000000691,-374.442,2.092,0.0,18.0,RosettaDesign,Design,0.05
4.0,MNTPEHLTAVVQRFVAAMNAGDLDGIVALYADDATVEVPVGSEPRSGTAAIREWWANYLKLPLAVELTQEVRVVANEAAFAFIVSFEYQGRKIVVAPIIHWRFNGAGKIVSERLLFGEKNIHAGA,Parent,UM_17_D99_27_1ohp_Rosetta_Relax_MATCH_APO_5TS_enzdes_1,GLU,112.0,-19.61700000000019,-376.022,1.773,-19.61700000000019,-376.022,1.773,0.0,15.0,RosettaDesign,Design,0.05
5.0,MNTPEHLTAVVQRWVAAINAGDLDGIVALYADDATVEVPVGSEPRSGTAAIREFWANMLKLPWAVELTQEVRVVANEAAFAFIVSFEYQGRKIVVAPIIHWRFNGAGKIVSERLLFGEKNIHAGA,Parent,UM_17_D99_27_1ohp_Rosetta_Relax_MATCH_APO_5TS_enzdes_1,GLU,112.0,-17.702000000000226,-371.536,2.207,-17.702000000000226,-371.536,2.207,0.0,15.0,RosettaDesign,Design,0.05
6.0,MNTPEHLTAVVQRWVAALNAGDLDGIVALYADDATVEAPVGSEPRSGTAAIREFWANWLKLPWAVELTQEVRVVANEAAFAFIVSFEYQGRKIVVAPIIHWRFNGAGKIVSERLLFGEKNIHAGA,Parent,UM_17_D99_27_1ohp_Rosetta_Relax_MATCH_APO_5TS_enzdes_1,GLU,112.0,-18.75099999999929,-359.505,16.049,-18.75099999999929,-359.505,16.049,0.0,14.0,RosettaDesign,Design,0.05
7.0,MNTPEHLTAVVQRWVAAWNAGDLDGIVALFADDATVEAPVGSEPRSGTAAIRELVANILKLPLAIELTQEIRVVANEAAFAFIVSFEYQGRKIVVAPIIHFRFNGAGKIVSERLLFGEKNVHAGA,Parent,UM_17_D99_27_1ohp_Rosetta_Relax_MATCH_APO_5TS_enzdes_1,GLU,112.0,-15.519999999999529,-369.571,1.863,-15.519999999999529,-369.571,1.863,0.0,16.0,RosettaDesign,Design,0.05
8.0,MNTPEHLTAVVQRWVAALNAGDLDGIVALFADDATVEVPVGSEPRSGTAAIREWWANWLKLPYAVELTQEVRVVANEAAFAFIVSFEYQGRKIVVAPIIHWRFNGAGKIVSERLLFGEKNIHAGA,Parent,UM_17_D99_27_1ohp_Rosetta_Relax_MATCH_APO_5TS_enzdes_1,GLU,112.0,-19.46899999999914,-374.567,2.257,-19.46899999999914,-374.567,2.257,0.0,14.0,RosettaDesign,Design,0.05
9.0,MNTPEHLTAVVQRFVAALNAGDLDGLVALFADDATVEVPVGSEPRSGTAAIRELLANWLKLPLAVELTQEVRIVANEVAFAFIVSFEYQGRKIVVAPIIHWRFNGAGKIVSERLLFGEKNIHAGA,Parent,UM_17_D99_27_1ohp_Rosetta_Relax_MATCH_APO_5TS_enzdes_1,GLU,112.0,-17.18199999999979,-372.045,3.499,-17.18199999999979,-372.045,3.499,0.0,15.0,RosettaDesign,Design,0.05
10.0,MNTPEHLTAVVQRLVAATNAGDLDGLVALWADDATVEIPVGSEPRSGTAAIREWDANYLKLPWAIELTQEVRVVANEAAFAFIVSFEYQGRKIVVAPILHLRFNGAGKIVSARLLFGEKNIHAGA,Parent,UM_17_D99_27_1ohp_Rosetta_Relax_MATCH_APO_5TS_enzdes_1,ASP,55.0,-19.904999999999745,-365.819,4.446,-19.904999999999745,-365.819,4.446,0.0,18.0,RosettaDesign,Design,0.05
11.0,MNTPEHITAVVQRLVAAVNAGDLDGLVALWADDATVEIPVGSEPRSGTAAIREWDANYLKLPWAIELTQEVRIVANEAAWAFIVSFEYQGRKIVVAPILHLRFNGAGKLVSVRLLFGEKNIHAGA,Parent,UM_17_D99_27_1ohp_Rosetta_Relax_MATCH_APO_5TS_enzdes_1,ASP,55.0,-19.11499999999978,-366.299,1.888,-19.11499999999978,-366.299,1.888,0.0,19.0,RosettaDesign,Design,0.05
12.0,MNTPEHLTAVVQRLVAAANAGDLDGLVALFADDATVEIPVGSEPRSGTAAIREWDANWLKLPLALELTQEIRVVANEAAFASIVSFEYQGRKIVVAPIIHFRFNGAGKIVSVRALFGEKNIHAGA,Parent,UM_17_D99_27_1ohp_Rosetta_Relax_MATCH_APO_5TS_enzdes_1,ASP,55.0,-20.821000000000826,-370.218,1.473,-20.821000000000826,-370.218,1.473,0.0,16.0,RosettaDesign,Design,0.05
13.0,MNTPEHITAVVQRLVAATNAGDLDGLVALWADDATVEIPVGSEPRSGTAAIREWDANFLKLPWAIELTQEVRVVANEAAWAFIVSFEYQGRKIVVAPILHLRFNGAGKLVSVRLLFGEKNIHAGA,Parent,UM_17_D99_27_1ohp_Rosetta_Relax_MATCH_APO_5TS_enzdes_1,ASP,55.0,-21.81300000000101,-366.257,0.6200000000000001,-21.81300000000101,-366.257,0.6200000000000001,0.0,19.0,RosettaDesign,Design,0.05
14.0,MNTPEHLTAVVQRLVAALNAGDLDGIVALFADDATVEIPVGSEPRSGTAAIREWDANFLKLPWAIELTQEIRVVANEAAVAFIVSFEYQGRKIVVAPIVHYRFNGAGKIVSARWLFGEKNIHAGA,Parent,UM_17_D99_27_1ohp_Rosetta_Relax_MATCH_APO_5TS_enzdes_1,ASP,55.0,-19.292999999999665,-375.563,1.839,-19.292999999999665,-375.563,1.839,0.0,17.0,RosettaDesign,Design,0.05
15.0,MNTPEHLTAVVQRLVAALNAGDLDGLVALWADDATVEIPVGSEPRSGTAAIREWDANFLKLPWAIELTQEIRVVANEAAFAFIVSFEYQGRKIVVAPILHLRFNGAGKLVSVRLLFGEKNIHAGA,Parent,UM_17_D99_27_1ohp_Rosetta_Relax_MATCH_APO_5TS_enzdes_1,ASP,55.0,-18.22299999999996,-363.083,2.375,-18.22299999999996,-363.083,2.375,0.0,18.0,RosettaDesign,Design,0.05
16.0,MNTPEHMTAVVQRLVAAANAGDLDGLVALWADDATVEIPVGSEPRSGTAAIREWDANWLKLPLAIELTQEVRAVANEVAFAFIVSFEYQGRKIVVAPILHIRFNGAGKIVSVRLLFGEKNIHAGA,Parent,UM_17_D99_27_1ohp_Rosetta_Relax_MATCH_APO_5TS_enzdes_1,ASP,55.0,-19.525000000000546,-364.465,1.7719999999999998,-19.525000000000546,-364.465,1.7719999999999998,0.0,16.0,RosettaDesign,Design,0.05
17.0,MNTPEHLTAVVQRLVAALNAGDLDGIVALFADDATVEIPVGSEPRSGTAAIREFEANYLKLPWAVELTQEVRVVANEAAFAFIVSFEYQGRKIVVAPILHLRFNGAGKLVSVRMLFGEKNIHAGA,Parent,UM_17_D99_27_1ohp_Rosetta_Relax_MATCH_APO_5TS_enzdes_1,ASP,55.0,-17.27099999999973,-368.958,3.518,-17.27099999999973,-368.958,3.518,0.0,13.0,RosettaDesign,Design,0.05
18.0,MNTPEHITAVLQRLVAAANAGDLDGIVALFADDATVEIPVGSEPRSGTAAIREWDANWLKLPWAIELTQEIRVVANEAAFAFIVSFEYQGRKIVVAPIVHYRFNGAGKIVSVRWLFGEKNIHAGA,Parent,UM_17_D99_27_1ohp_Rosetta_Relax_MATCH_APO_5TS_enzdes_1,ASP,55.0,-19.82800000000043,-379.943,0.127,-19.82800000000043,-379.943,0.127,0.0,18.0,RosettaDesign,Design,0.05
19.0,MNTPEHLTAVVQRLVAALNAGDLDGIVALFADDATVEIPVGSEPRSGTAAIREFEANFLKLPWAIELTQEIRVVANEVAFAFIVSFEYQGRKIVIAPIVHIRFNGAGKIVSVRWLFGEKNIHAGA,Parent,UM_17_D99_27_1ohp_Rosetta_Relax_MATCH_APO_5TS_enzdes_1,ASP,55.0,-16.749000000000706,-373.218,5.44,-16.749000000000706,-373.218,5.44,0.0,17.0,RosettaDesign,Design,0.05
20.0,MNTPEHLTAVVQRYVAALNAGDLDGIVALAADDATVEIPVGSEPRSGTAAIREFEANYLKLPLAVELTQEIRVVANEAAFAFIVSFEYQGRKIVVAPIVHFRFNGAGKIVSGRMLFGEKNIHAGA,Parent,UM_17_D99_27_1ohp_Rosetta_Relax_MATCH_APO_5TS_enzdes_1,GLU,55.0,-16.572000000000116,-354.483,2.21,-16.572000000000116,-354.483,2.21,0.0,12.0,RosettaDesign,Design,0.05
21.0,MNTPEHLTAVVQRYLAALNAGDLDGIVALAADDATVEIPVGSEPRSGTAAIREFEANYLKLPLAVELTQEIRVVANEAAFAFIVSFEYQGRKIVVAPIVHFRFNGAGKIVSGRMLFGEKNVHAGA,Parent,UM_17_D99_27_1ohp_Rosetta_Relax_MATCH_APO_5TS_enzdes_1,GLU,55.0,-16.337999999999738,-354.49,2.223,-16.337999999999738,-354.49,2.223,0.0,14.0,RosettaDesign,Design,0.05
22.0,MNTPEHLTAVVQRFIAALNAGDLDGIVALAADDATVEWPVGSEPRSGTAAIREFEANWLKLPWAVELTQEIRIVANEVAFAFILSFEYQGRKIVIAPIVHWRFNGAGKIVSGRFLFGEKNIHAGA,Parent,UM_17_D99_27_1ohp_Rosetta_Relax_MATCH_APO_5TS_enzdes_1,GLU,55.0,-13.782999999999449,-357.515,1.211,-13.782999999999449,-357.515,1.211,0.0,19.0,RosettaDesign,Design,0.05
23.0,MNTPEHLTAAVQRYVAALNAGDLDGIVALAADDATVEIPVGSEPRSGTAAIREFEANYLKLPLAVELTQEIRVVANEVAFAFIVSFEYQGRKIVVAPIIHFRFNGAGKIVSGRELFGEKNVHAGA,Parent,UM_17_D99_27_1ohp_Rosetta_Relax_MATCH_APO_5TS_enzdes_1,GLU,55.0,-15.98700000000008,-352.426,1.99,-15.98700000000008,-352.426,1.99,0.0,15.0,RosettaDesign,Design,0.05
24.0,MNTPEHLTAAVQRFVAALNAGDLDGVVALAADDATVEWPVGSEPRSGTAAIREFEANYLKLPLAVELTQEIRVVANEAAFAFIVSFEYQGRKIVVAPIVHFRFNGAGKIVSGRFLFGEKNIHAGA,Parent,UM_17_D99_27_1ohp_Rosetta_Relax_MATCH_APO_5TS_enzdes_1,GLU,55.0,-15.963999999999942,-356.24,0.673,-15.963999999999942,-356.24,0.673,0.0,15.0,RosettaDesign,Design,0.05
25.0,MNTPEHLTAVVQRYVAALNAGDLDGIVALAADDATVEIPVGSEPRSGTAAIREFEANYLKLPLAVELTQEVRVVANEAAFAFIVSFEYQGRKIVVAPIIHFRFNGAGKTVSGRVLFGEKNIHAGA,Parent,UM_17_D99_27_1ohp_Rosetta_Relax_MATCH_APO_5TS_enzdes_1,GLU,55.0,-16.670000000000073,-349.832,2.68,-16.670000000000073,-349.832,2.68,0.0,11.0,RosettaDesign,Design,0.05
26.0,MNTPEHLTAVVQRYIAALNAGDLDGLVALAADDATVENPVGSEPRSGTAAIREFEANFLKLPLAVELTQEIRVVANEVAFAFIVSFEYQGRKIVVAPIVHFRFNGAGKIVSGRVLFGEKNIHAGA,Parent,UM_17_D99_27_1ohp_Rosetta_Relax_MATCH_APO_5TS_enzdes_1,GLU,55.0,-16.680999999999585,-363.302,0.723,-16.680999999999585,-363.302,0.723,0.0,14.0,RosettaDesign,Design,0.05
27.0,MNTPEHLTAVVQRYVAALNAGDLDGIVALAADDATVEIPVGSEPRSGTAAIREFEANYLKLPLAVELTQEVRVVANEAAFAFIVSFEYQGRKIVVAPIMHFRFNGAGKIVSGRMLFGEKNIHAGA,Parent,UM_17_D99_27_1ohp_Rosetta_Relax_MATCH_APO_5TS_enzdes_1,GLU,55.0,-17.514999999999418,-348.289,2.1790000000000003,-17.514999999999418,-348.289,2.1790000000000003,0.0,11.0,RosettaDesign,Design,0.05
28.0,MNTPEHLTAAVQRYVAALNAGDLDGIVALAADDATVEIPVGSEPRSGTAAIREFEANYLKLPLAVELTQEIRVVANEVAFAFIVSFEYQGRKIVVAPIVHFRFNGAGKIVSGRMLFGEKNIHAGA,Parent,UM_17_D99_27_1ohp_Rosetta_Relax_MATCH_APO_5TS_enzdes_1,GLU,55.0,-16.24499999999989,-353.669,2.192,-16.24499999999989,-353.669,2.192,0.0,14.0,RosettaDesign,Design,0.05
29.0,MNTPEHLTAVVQRYVAALNAGDLDGIVALAADDATVEIPVGSEPRSGTAAIREFEANYLKLPLAVELTQEIRVVANEAAFAFIVSFEYQGRKIVVAPIVHFRFNGAGKIVSGRMLFGEKNIHAGA,Parent,UM_17_D99_27_1ohp_Rosetta_Relax_MATCH_APO_5TS_enzdes_1,GLU,55.0,-16.51600000000053,-352.871,2.184,-16.51600000000053,-352.871,2.184,0.0,12.0,RosettaDesign,Design,0.05
30.0,MNTPEHLTAVVQRLVAALNAGDLDGIVALFADDATVEIPVGSEPRSGTAAIREFWANYLKLPWAVELTQEIRVVANEAAVAVIISFEYQGRKIVIAPIWHERFNGAGKIVSVRLLFGEKNIHAGA,Parent,UM_17_D99_27_1ohp_Rosetta_Relax_MATCH_APO_5TS_enzdes_1,GLU,101.0,-20.058,-375.008,3.426,-20.058,-375.008,3.426,0.0,18.0,RosettaDesign,Design,0.05
31.0,MNTPEHLTAVVQRIVAAINAGDLDGIVALFADDATVEIPVGSEPRSGTAAIREFWANFLKLPWAVELTQEIRVVANEAAVASIVSFEYQGRKIVIAAIYHERFNGAGKIVSVRALFGEKNIHAGA,Parent,UM_17_D99_27_1ohp_Rosetta_Relax_MATCH_APO_5TS_enzdes_1,GLU,101.0,-21.427999999999884,-376.291,1.099,-21.427999999999884,-376.291,1.099,0.0,18.0,RosettaDesign,Relax,0.05
32.0,MNTPEHLTAVFQRLFAAVNAGDLDGIVALAADDATVEIPVGSEPRSGTAAIREFWANYLKLPWAVELTQEVRVVANEAAVAAIVSFEYQGRKIVIAPIGHERFNGAGKIVSSRMLFGEKNVHAGA,Parent,UM_17_D99_27_1ohp_Rosetta_Relax_MATCH_APO_5TS_enzdes_1,GLU,101.0,-18.0600000000004,-354.495,2.536,-18.0600000000004,-354.495,2.536,0.0,21.0,RosettaDesign,Design,0.05
33.0,MNTPEHLTAVVQRLVAAINAGDLDGIVALFADDATVEIPVGSEPRSGTAAIREFWANFLKLPWAIELTQEVRVVANEAAVAFIVSFEYQGRKIVIAPIVHERFNGAGKIVSIRVLFGEKNVHAGA,Parent,UM_17_D99_27_1ohp_Rosetta_Relax_MATCH_APO_5TS_enzdes_1,GLU,101.0,-19.64099999999962,-371.442,1.237,-19.64099999999962,-371.442,1.237,0.0,18.0,RosettaDesign,Relax,0.05
34.0,MNTPEHNTAVVQRIVAAINAGDLDGIVALFADDATVEVPVGSEPRSGTAAIREFWANYLKLPWAVELTQEVRVVANEAAAAFIVSFEYQGRKYVIAAIAHERFNGAGKVVSMRVLFGEKNIHAGA,Parent,UM_17_D99_27_1ohp_Rosetta_Relax_MATCH_APO_5TS_enzdes_1,GLU,101.0,-19.41899999999987,-383.494,0.52,-19.41899999999987,-383.494,0.52,0.0,15.0,RosettaDesign,Relax,0.05
35.0,MNTPEHITAVFQRIVAAINAGDLDGIVALFADDATVEIPVGSEPRSGTAAIREFWANYLKLPWAIELTQEVRVVANEAAVAFIVSFEYQGRKIVIAPIVHERFNGAGKVVSSRILFGEKNIHAGA,Parent,UM_17_D99_27_1ohp_Rosetta_Relax_MATCH_APO_5TS_enzdes_1,GLU,101.0,-22.93699999999989,-365.66,4.002,-22.93699999999989,-365.66,4.002,0.0,17.0,RosettaDesign,Design,0.05
36.0,MNTPEHLTAVVQRIVAAINAGDLDGVVALFADDATVEIPVGSEPRSGTAAIREWWANFLKLPWAVELTQEVRVVANEAAVAFIVSFEYQGRKIVIAPIVHERFNGAGKIVSQRILFGEKNIHAGA,Parent,UM_17_D99_27_1ohp_Rosetta_Relax_MATCH_APO_5TS_enzdes_1,GLU,101.0,-19.825000000000728,-374.405,0.5640000000000001,-19.825000000000728,-374.405,0.5640000000000001,0.0,18.0,RosettaDesign,Design,0.05
37.0,MNTPEHMTAVFQRIVAAINAGDLDGIVALFADDATVEIPVGSEPRSGTAAIREFWANFLKLPWAVELTQELRVVANEAAVATIVSFEYQGRKIVIAPIFHERFNGAGKIVSSRALFGEKNIHAGA,Parent,UM_17_D99_27_1ohp_Rosetta_Relax_MATCH_APO_5TS_enzdes_1,GLU,101.0,-19.35999999999968,-371.285,0.649,-19.35999999999968,-371.285,0.649,0.0,17.0,RosettaDesign,Design,0.05
38.0,MNTPEHLTAVVQRLFAALNAGDLDGIVALWADDATVEVPVGSEPRSGTAAIREFWANFLKLPWAVELTQEIRVVANEAAVAFIVSFEYQGRKIVIAPIGHERFNGAGKIVSFRVLFGEKNIHAGA,Parent,UM_17_D99_27_1ohp_Rosetta_Relax_MATCH_APO_5TS_enzdes_1,GLU,101.0,-20.399000000000346,-366.869,1.863,-20.399000000000346,-366.869,1.863,0.0,18.0,RosettaDesign,Design,0.05
39.0,MNTPEHLTAVVQRIVAAINAGDLDGLVALFADDATVEVPVGSEPRSGTAAIREWFANFLKLPWAVELTQEVRVVANEAAVASIVSFEYQGRKIVIAPIFHERFNGAGKIVSWRALFGEKNIHAGA,Parent,UM_17_D99_27_1ohp_Rosetta_Relax_MATCH_APO_5TS_enzdes_1,GLU,101.0,-20.57099999999992,-375.087,1.822,-20.57099999999992,-375.087,1.822,0.0,18.0,RosettaDesign,Design,0.05
40.0,MNTPEHMTAVVQRFVAAANAGDLDGIVALFADDATVEVPVGSEPRSGTAAIREFWANLLKLPLAIELTQEIRAVANEAAVAFIVSFEYQGRKIVIAPIEHFRFNGAGKVVSHRQLFGEKNVHAGA,Parent,UM_17_D99_27_1ohp_Rosetta_Relax_MATCH_APO_5TS_enzdes_1,GLU,99.0,-18.760000000001128,-370.727,0.618,-18.760000000001128,-370.727,0.618,0.0,14.0,RosettaDesign,Design,0.05
41.0,MNTPEHLTAVVQRLVAAANAGDLDGIVALFADDATVEIPVGSEPRSGTAAIREFWANLLKLPLAVELTQEIRVVANEVAWAFIISFEYQGRKIVVAPIEHIRFNGAGKIVSMRQLFGEKNIHAGA,Parent,UM_17_D99_27_1ohp_Rosetta_Relax_MATCH_APO_5TS_enzdes_1,GLU,99.0,-17.35400000000027,-376.09,0.479,-17.35400000000027,-376.09,0.479,0.0,16.0,RosettaDesign,Design,0.05
42.0,MNTPEHLTAVVQRLVAATNAGDLDGIVALWADDATVEIPVGSEPRSGTAAIREFWANILKLPWAMELTQEIRVVANEVAWAFILSFEYQGRKIVVAPIEHIRFNGAGKIVSMRQLFGEKNIHAGA,Parent,UM_17_D99_27_1ohp_Rosetta_Relax_MATCH_APO_5TS_enzdes_1,GLU,99.0,-18.753999999999905,-369.372,1.629,-18.753999999999905,-369.372,1.629,0.0,19.0,RosettaDesign,Design,0.05
43.0,MNTPEHLTAVVQRLMAAANAGDLDGIVALWADDATVEIPVGSEPRSGTAAIREFWANILKLPLALELTQEIRVVANEVAFAFIVSFEYQGRKIVVAPIEHIRFNGAGKIVSMRQLFGEKNIHAGA,Parent,UM_17_D99_27_1ohp_Rosetta_Relax_MATCH_APO_5TS_enzdes_1,GLU,99.0,-17.993999999999687,-374.147,1.634,-17.993999999999687,-374.147,1.634,0.0,17.0,RosettaDesign,Design,0.05
44.0,MNTPEHLTAVLQRYVAAANAGDLDGIVALFADDATVEVPVGSEPRSGTAAIREFWANMLKLPLALELTQEIRVVANEAAFAFIVSFEYQGRKIVVAPIEHFRFNGAGKVVSMRQLFGEKNIHAGA,Parent,UM_17_D99_27_1ohp_Rosetta_Relax_MATCH_APO_5TS_enzdes_1,GLU,99.0,-18.90300000000116,-376.572,0.54,-18.90300000000116,-376.572,0.54,0.0,12.0,RosettaDesign,Design,0.05
45.0,MNTPEHMTAVVQRLVAAANAGDLDGIVALFADDATVEIPVGSEPRSGTAAIREFWANMLKLPLAIELTQEVRAVANEVAFAFIVSFEYQGRKIVVAPIEHIRFNGAGKIVSMRRLFGEKNVHAGA,Parent,UM_17_D99_27_1ohp_Rosetta_Relax_MATCH_APO_5TS_enzdes_1,GLU,99.0,-18.22799999999916,-359.438,12.215,-18.22799999999916,-359.438,12.215,0.0,13.0,RosettaDesign,Design,0.05
46.0,MNTPEHLTAVVQRLVAATNAGDLDGIVALFADDATVEIPVGSEPRSGTAAIREFWANMLKLPLAMELTQEIRVVANEVAFAFILSFEYQGRKIVVAPIEHIRFNGAGKIVSMRRLFGEKNIHAGA,Parent,UM_17_D99_27_1ohp_Rosetta_Relax_MATCH_APO_5TS_enzdes_1,GLU,99.0,-18.47599999999965,-372.65,2.806,-18.47599999999965,-372.65,2.806,0.0,16.0,RosettaDesign,Design,0.05
47.0,MNTPEHLTAVVQRLVAAANAGDLDGIVALFADDATVEIPVGSEPRSGTAAIREFWANLLKLPLAVELTQEIRVVANEAAWAFIISFEYQGRKIVVAPIEHLRFNGAGKIVSARQLFGEKNIHAGA,Parent,UM_17_D99_27_1ohp_Rosetta_Relax_MATCH_APO_5TS_enzdes_1,GLU,99.0,-18.45500000000084,-372.143,0.603,-18.45500000000084,-372.143,0.603,0.0,16.0,RosettaDesign,Design,0.05
48.0,MNTPEHLTAVVQRLVAAVNAGDLDGIVALWADDATVEIPVGSEPRSGTAAIREFWANLLKLPLAIELTQEIRIVANEVAFAFIVSFEYQGRKIVVAPIEHIRFNGAGKIVSMRQLFGEKNIHAGA,Parent,UM_17_D99_27_1ohp_Rosetta_Relax_MATCH_APO_5TS_enzdes_1,GLU,99.0,-18.79099999999925,-368.292,2.663,-18.79099999999925,-368.292,2.663,0.0,16.0,RosettaDesign,Design,0.05
49.0,MNTPEHLTAVVQRLVAAANAGDLDGIVALFADDATVEIPVGSEPRSGTAAIREFWANLLKLPLAVELTQEVRVVANEAAFAFIVSFEYQGRKIVVAPIEHIRFNGAGKIVSMRRLFGEKNIHAGA,Parent,UM_17_D99_27_1ohp_Rosetta_Relax_MATCH_APO_5TS_enzdes_1,GLU,99.0,-16.029999999999745,-360.553,11.873,-16.029999999999745,-360.553,11.873,0.0,12.0,RosettaDesign,Design,0.05
50.0,MNTPEHLTAVVQRYVAAGNAGDLDGLVALFADDATVEIPVGSEPRSGTAAIREFIANMLKLPWADELTQEVRVVANEAAFAFILSFEYQGRKIVIAPILHLRFNGAGKIVSMRLLFGEKNIHAGA,Parent,UM_17_D99_27_1ohp_Rosetta_Relax_MATCH_APO_5TS_enzdes_1,ASP,65.0,-20.97699999999986,-368.192,0.363,-20.97699999999986,-368.192,0.363,0.0,16.0,RosettaDesign,Relax,0.05
51.0,MNTPEHLTAVVQRWVAAGNAGDLDGLVALFADDATVEIPVGSEPRSGTAAIREFIANMLKLPWADELTQEVRVVANEVAFAFILSFEYQGRKIVIAPILHIRFNGAGKVVSMRLLFGEKNIHAGA,Parent,UM_17_D99_27_1ohp_Rosetta_Relax_MATCH_APO_5TS_enzdes_1,ASP,65.0,-21.00900000000001,-360.704,10.015,-21.00900000000001,-360.704,10.015,0.0,17.0,RosettaDesign,Design,0.05
52.0,MNTPEHLTAVVQRWVAAGNAGDLDGLVALFADDATVEIPVGSEPRSGTAAIREFIANMLKLPWADELTQEIRVVANEAAFAFILSWEYQGRKIVVAPIAHFRFNGAGKIVSMRMLFGEKNIHAGA,Parent,UM_17_D99_27_1ohp_Rosetta_Relax_MATCH_APO_5TS_enzdes_1,ASP,65.0,-21.12900000000081,-352.934,10.064,-21.12900000000081,-352.934,10.064,0.0,17.0,RosettaDesign,Design,0.05
53.0,MNTPEHLTAVVQRWVAAGNAGDLDGLVALFADDATVEMPVGSEPRSGTAAIREFIANFLKLPWADELTQEVRVVANEAAFAFIVSFEYQGRKIVIAPIVHLRFNGAGKVVSMRVLFGEKNVHAGA,Parent,UM_17_D99_27_1ohp_Rosetta_Relax_MATCH_APO_5TS_enzdes_1,ASP,65.0,-20.414999999999964,-362.763,0.241,-20.414999999999964,-362.763,0.241,0.0,16.0,RosettaDesign,Design,0.05
54.0,MNTPEHLTAVVQRWVAAGNAGDLDGLVALFADDATVEIPVGSEPRSGTAAIREFIANMLKLPWADELTQEIRVVANEAAFAFILSFEYQGRKIVIAPIIHFRFNGAGKIVSVRLLFGEKNIHAGA,Parent,UM_17_D99_27_1ohp_Rosetta_Relax_MATCH_APO_5TS_enzdes_1,ASP,65.0,-20.46199999999953,-357.795,11.197,-20.46199999999953,-357.795,11.197,0.0,18.0,RosettaDesign,Design,0.05
55.0,MNTPEHLTAVVQRWVAAGNAGDLDGLVALFADDATVEIPVGSEPRSGTAAIREFIANYLKLPYADELTQELRVVANEAAFAFIVSFEYQGRKIVIAPIIHFRFNGAGKIVSARLLFGEKNIHAGA,Parent,UM_17_D99_27_1ohp_Rosetta_Relax_MATCH_APO_5TS_enzdes_1,ASP,65.0,-19.63699999999972,-352.398,16.333,-19.63699999999972,-352.398,16.333,0.0,17.0,RosettaDesign,Design,0.05
56.0,MNTPEHLTAVVQRWVAAGNAGDLDGIVALFADDATVEIPVGSEPRSGTAAIREFVANMLKLPWADELTQEVRVVANEAAFALIVSFEYQGRKIVIAPILHFRFNGAGKVVSMRMLFGEKNIHAGA,Parent,UM_17_D99_27_1ohp_Rosetta_Relax_MATCH_APO_5TS_enzdes_1,ASP,65.0,-21.311000000000604,-356.722,3.954,-21.311000000000604,-356.722,3.954,0.0,14.0,RosettaDesign,Design,0.05
57.0,MNTPEHLTAVVQRWVAAGNAGDLDGLVALFADDATVEIPVGSEPRSGTAAIREWIANFLKLPWADELTQELRVVANEAAVAFIVSFEYQGRKIVIAPIIHWRFNGAGKIVSVRQLFGEKNIHAGA,Parent,UM_17_D99_27_1ohp_Rosetta_Relax_MATCH_APO_5TS_enzdes_1,ASP,65.0,-18.588999999999945,-362.475,0.284,-18.588999999999945,-362.475,0.284,0.0,20.0,RosettaDesign,Design,0.05
58.0,MNTPEHLTAVVQRWVAAGNAGDLDGLVALFADDATVEIPVGSEPRSGTAAIREFIANMLKLPWADELTQEVRVVANEAAFAFILSFEYQGRKIVIAPIMHLRFNGAGKVVSMRQLFGEKNIHAGA,Parent,UM_17_D99_27_1ohp_Rosetta_Relax_MATCH_APO_5TS_enzdes_1,ASP,65.0,-21.1820000000007,-365.41,1.657,-21.1820000000007,-365.41,1.657,0.0,16.0,RosettaDesign,Design,0.05
59.0,MNTPEHLTAVVQRWVAAGNAGDLDGIVALFADDATVEIPVGSEPRSGTAAIREFIANMLKLPWADELTQEVRVVANEAAAAFIISFEYQGRKIVIAPIMHLRFNGAGKVVSMRMLFGEKNVHAGA,Parent,UM_17_D99_27_1ohp_Rosetta_Relax_MATCH_APO_5TS_enzdes_1,ASP,65.0,-20.23700000000008,-353.417,4.098,-20.23700000000008,-353.417,4.098,0.0,17.0,RosettaDesign,Design,0.05
60.0,MNTPEHLTAIVQRLVAALNAGDLDGIVALFADDATVEIPVGSEPRSGTAAIREFEANVLKLPWAEELTQEVRVVANEAAFAFIVSFEYQGRKYVVAPIMHIRFNGAGKIVSMRLLFGEKNIHAGA,Parent,UM_17_D99_27_1ohp_Rosetta_Relax_MATCH_APO_5TS_enzdes_1,GLU,65.0,-18.11299999999937,-373.102,1.465,-18.11299999999937,-373.102,1.465,0.0,14.0,RosettaDesign,Design,0.05
61.0,MNTPEHQTAVVQRLLAAANAGDLDGIVALFADDATVEIPVGSEPRSGTAAIREFLANWLKLPWAEELTQEVRVVANEAAFAFIVSFEYQGRKIVVAPIMHIRFNGAGKIVSMRILFGEKNIHAGA,Parent,UM_17_D99_27_1ohp_Rosetta_Relax_MATCH_APO_5TS_enzdes_1,GLU,65.0,-18.740999999999985,-373.759,0.472,-18.740999999999985,-373.759,0.472,0.0,15.0,RosettaDesign,Design,0.05
62.0,MNTPEHLTAVVQRLVAALNAGDLDGIVALFADDATVEIPVGSEPRSGTAAIREFYANFLKLPWAEELTQEIRVVANEVAFAFILSFEYQGRKIVIAPIMHIRFNGAGKIVSMRLLFGEKNIHAGA,Parent,UM_17_D99_27_1ohp_Rosetta_Relax_MATCH_APO_5TS_enzdes_1,GLU,65.0,-19.163000000000466,-380.696,1.198,-19.163000000000466,-380.696,1.198,0.0,16.0,RosettaDesign,Design,0.05
63.0,MNTPEHLTAIVQRLVAAVNAGDLDGIVALFADDATVEIPVGSEPRSGTAAIREFLANWLKLPWAEELTQEVRVVANEAAFAFIVSFEYQGRKIVVAPIMHIRFNGAGKIVSMRVLFGEKNIHAGA,Parent,UM_17_D99_27_1ohp_Rosetta_Relax_MATCH_APO_5TS_enzdes_1,GLU,65.0,-19.78200000000016,-367.202,13.484,-19.78200000000016,-367.202,13.484,0.0,15.0,RosettaDesign,Design,0.05
64.0,MNTPEHITAVVQRLVAALNAGDLDGLVALFADDATVEIPVGSEPRSGTAAIREFLANMLKLPWAEELTQEIRVVANEAAWAFIVSFEYQGRKIVIAPIMHLRFNGAGKIVSMRLLFGEKNVHAGA,Parent,UM_17_D99_27_1ohp_Rosetta_Relax_MATCH_APO_5TS_enzdes_1,GLU,65.0,-18.85200000000077,-364.643,13.408,-18.85200000000077,-364.643,13.408,0.0,18.0,RosettaDesign,Design,0.05
65.0,MNTPEHLTAVVQRLVAALNAGDLDGLVALFADDATVEIPVGSEPRSGTAAIREFLANFLKLPWAEELTQEVRVVANEAAFASIVSFEYQGRKIVIAPIYHFRFNGAGKIVSMRNLFGEKNIHAGA,Parent,UM_17_D99_27_1ohp_Rosetta_Relax_MATCH_APO_5TS_enzdes_1,GLU,65.0,-18.9930000000004,-373.62,1.648,-18.9930000000004,-373.62,1.648,0.0,15.0,RosettaDesign,Design,0.05
66.0,MNTPEHLTAVAQRLVAALNAGDLDGLVALFADDATVEIPVGSEPRSGTAAIREFLANMLKLPWAEELTQEVRVVANEVAFASIVSFEYQGRKIVVAPIIHLRFNGAGKVVSMRMLFGEKNIHAGA,Parent,UM_17_D99_27_1ohp_Rosetta_Relax_MATCH_APO_5TS_enzdes_1,GLU,65.0,-18.94599999999992,-369.593,5.174,-18.94599999999992,-369.593,5.174,0.0,16.0,RosettaDesign,Design,0.05
67.0,MNTPEHITAVVQRLIAALNAGDLDGIVALFADDATVEIPVGSEPRSGTAAIREFEANTLKLPWAEELTQEIRVVANEAAFASIVSFEYQGRKIVVAPIFHFRFNGAGKVVSLRALFGEKNIHAGA,Parent,UM_17_D99_27_1ohp_Rosetta_Relax_MATCH_APO_5TS_enzdes_1,GLU,65.0,-20.14100000000053,-366.903,5.928,-20.14100000000053,-366.903,5.928,0.0,14.0,RosettaDesign,Design,0.05
68.0,MNTPEHLTAIVQRLVAALNAGDLDGLVALWADDATVEIPVGSEPRSGTAAIREWYANWLKLPWAEELTQEVRVVANEAAFAFIVSFEYQGRKIVIAPIMHIRFNGAGKIVSMRVLFGEKNVHAGA,Parent,UM_17_D99_27_1ohp_Rosetta_Relax_MATCH_APO_5TS_enzdes_1,GLU,65.0,-18.37900000000081,-373.862,1.401,-18.37900000000081,-373.862,1.401,0.0,18.0,RosettaDesign,Design,0.05
69.0,MNTPEHMTAVVQRLVAALNAGDLDGLVALYADDATVEIPVGSEPRSGTAAIREFLANHLKLPWAEELTQEVRVVANEVAFASIVSFEYQGRKIVIAPIFHIRFNGAGKIVSHRMLFGEKNIHAGA,Parent,UM_17_D99_27_1ohp_Rosetta_Relax_MATCH_APO_5TS_enzdes_1,GLU,65.0,-19.04500000000008,-375.374,0.855,-19.04500000000008,-375.374,0.855,0.0,18.0,RosettaDesign,Design,0.05
70.0,MNTPEHLTAVVQRDVAALNAGDLDGLVALFADDATVEIPVGSEPRSGTAAIREFIANFLKLPLAVELTQEVRVVANEAAFAFIVSFEYQGRKIVVAPIVHFRFNGAGKIVSVRLLFGEKNIHAGA,Parent,UM_17_D99_27_1ohp_Rosetta_Relax_MATCH_APO_5TS_enzdes_1,ASP,14.0,-20.174000000000888,-370.659,0.9,-20.174000000000888,-370.659,0.9,0.0,12.0,RosettaDesign,Design,0.05
71.0,MNTPEHITAVVQRDVAALNAGDLDGLVALFADDATVEIPVGSEPRSGTAAIRELIANTLKLPLAVELTQEIRVVANEAAAAMIVSFEYQGRKIVVAPILHFRFNGAGKIVSLRQLFGEKNIHAGA,Parent,UM_17_D99_27_1ohp_Rosetta_Relax_MATCH_APO_5TS_enzdes_1,ASP,14.0,-20.353000000000065,-371.799,0.738,-20.353000000000065,-371.799,0.738,0.0,16.0,RosettaDesign,Design,0.05
72.0,MNTPEHLTAVVQRDVAALNAGDLDGLVALFADDATVEIPVGSEPRSGTAAIREFIANFLKLPLAVELTQEIRVVANEVAFAFIISFEYQGRKIVIAPIMHIRFNGAGKIVSQRALFGEKNIHAGA,Parent,UM_17_D99_27_1ohp_Rosetta_Relax_MATCH_APO_5TS_enzdes_1,ASP,14.0,-20.213999999999945,-374.974,0.218,-20.213999999999945,-374.974,0.218,0.0,16.0,RosettaDesign,Relax,0.05
73.0,MNTPEHMTAVVQRDVAALNAGDLDGLVALFADDATVEIPVGSEPRSGTAAIREFLANQLKLPLAVELTQEVRAVANEVAFAFIVSFEYQGRKIVIAPIVHIRFNGAGKIVSIRWLFGEKNIHAGA,Parent,UM_17_D99_27_1ohp_Rosetta_Relax_MATCH_APO_5TS_enzdes_1,ASP,14.0,-19.17299999999977,-360.733,10.251,-19.17299999999977,-360.733,10.251,0.0,13.0,RosettaDesign,Design,0.05
74.0,MNTPEHLTAIVQRDVAALNAGDLDGIVALFADDATVEVPVGSEPRSGTAAIREFVANFLKLPLAVELTQEVRVVANEAAFASIVSFEYQGRKIVVAPIWHIRFNGAGKIVSMRALFGEKNIHAGA,Parent,UM_17_D99_27_1ohp_Rosetta_Relax_MATCH_APO_5TS_enzdes_1,ASP,14.0,-20.52099999999973,-365.548,1.433,-20.52099999999973,-365.548,1.433,0.0,12.0,RosettaDesign,Design,0.05
75.0,MNTPEHLTAVVQRDMAALNAGDLDGLVALFADDATVEIPVGSEPRSGTAAIREFIANFLKLPWAFELTQEIRVVANEVAWAFIVSFEYQGRKIVVAPIMHIRFNGAGKIVSLRALFGEKNIHAGA,Parent,UM_17_D99_27_1ohp_Rosetta_Relax_MATCH_APO_5TS_enzdes_1,ASP,14.0,-22.518999999999323,-372.152,0.414,-22.518999999999323,-372.152,0.414,0.0,18.0,RosettaDesign,Relax,0.05
76.0,MNTPEHLTAVVQRDVAAANAGDLDGIVALFADDATVEIPVGSEPRSGTAAIREFVANWLKLPLAVELTQEIRVVANEAAFAFIVSFEYQGRKIVVAPIMHFRFNGAGKIVSMRMLFGEKNVHAGA,Parent,UM_17_D99_27_1ohp_Rosetta_Relax_MATCH_APO_5TS_enzdes_1,ASP,14.0,-22.04199999999946,-367.112,1.028,-22.04199999999946,-367.112,1.028,0.0,13.0,RosettaDesign,Design,0.05
77.0,MNTPEHLTAVVQRDMAALNAGDLDGLVALFADDATVEIPVGSEPRSGTAAIREFIANFLKLPWAFELTQEIRVVANEAAFAFIVSFEYQGRKIVIAPIMHIRFNGAGKIVSMRVLFGEKNIHAGA,Parent,UM_17_D99_27_1ohp_Rosetta_Relax_MATCH_APO_5TS_enzdes_1,ASP,14.0,-24.1180000000004,-391.222,0.38,-24.1180000000004,-391.222,0.38,0.0,17.0,RosettaDesign,Relax,0.05
78.0,MNTPEHLTAVVQRDVAAMNAGDLDGLVALFADDATVEIPVGSEPRSGTAAIREFVANWLKLPWAVELTQEVRVVANEVAFAFIVSFEYQGRKIVVAPIMHIRFNGAGKVVSMRVLFGEKNIHAGA,Parent,UM_17_D99_27_1ohp_Rosetta_Relax_MATCH_APO_5TS_enzdes_1,ASP,14.0,-22.75700000000052,-376.78,1.084,-22.75700000000052,-376.78,1.084,0.0,14.0,RosettaDesign,Design,0.05
79.0,MNTPEHLTAVVQRDVAALNAGDLDGLVALWADDATVEIPVGSEPRSGTAAIREFIANTLKLPLAVELTQEVRVVANEAAVAFIVSFEYQGRKIVVAPIVHWRFNGAGKIVSQRMLFGEKNIHAGA,Parent,UM_17_D99_27_1ohp_Rosetta_Relax_MATCH_APO_5TS_enzdes_1,ASP,14.0,-18.70799999999963,-361.883,2.366,-18.70799999999963,-361.883,2.366,0.0,15.0,RosettaDesign,Design,0.05
80.0,MNTPEHLTAVVQRFVAAFNAGDLDGLVALEADDATVEVPVGSEPRSGTAAIREWAANILKLPLAVELTQEIRVVANEAAFAFIRSFEYQGRKIVVAPIVHLRFNGAGKIVSFRMLFGEKNIHAGA,Parent,UM_17_D99_27_1ohp_Rosetta_Relax_MATCH_APO_5TS_enzdes_1,GLU,30.0,-21.02299999999923,-359.299,3.896,-21.02299999999923,-359.299,3.896,0.0,18.0,RosettaDesign,Design,0.05
81.0,MNTPEHLTAVVQRYIAALNAGDLDGLVALEADDATVENPVGSEPRSGTAAIREFAANLLKLPLAVELTQEIRVVANEVAFAFIVSFEYQGRKIVVAPIVHFRFNGAGKVVSVRVLFGEKNIHAGA,Parent,UM_17_D99_27_1ohp_Rosetta_Relax_MATCH_APO_5TS_enzdes_1,GLU,30.0,-19.5590000000002,-370.947,1.912,-19.5590000000002,-370.947,1.912,0.0,13.0,RosettaDesign,Design,0.05
82.0,MNTPEHLTAVVQRYVAALNAGDLDGLVALEADDATVENPVGSEPRSGTAAIREFAANQLKLPLAVELTQEIRVVANEAAFALIISFEYQGRKIVVAPIIHLRFNGAGKVVSLRVLFGEKNIHAGA,Parent,UM_17_D99_27_1ohp_Rosetta_Relax_MATCH_APO_5TS_enzdes_1,GLU,30.0,-20.13599999999952,-371.457,1.6109999999999998,-20.13599999999952,-371.457,1.6109999999999998,0.0,14.0,RosettaDesign,Relax,0.05
83.0,MNTPEHITAVLQRWVAALNAGDLDGLVALEADDATVENPVGSEPRSGTAAIREFAANELKLPLAIELTQEIRVVANEAAFAFIVSFEYQGRKIVVAPIIHFRFNGAGKVVSVRVLYGEKNIHAGA,Parent,UM_17_D99_27_1ohp_Rosetta_Relax_MATCH_APO_5TS_enzdes_1,GLU,30.0,-19.64699999999993,-369.551,2.481,-19.64699999999993,-369.551,2.481,0.0,15.0,RosettaDesign,Design,0.05
84.0,MNTPEHLTAVVQRWIAALNAGDLDGLVALEADDATVENPVGSEPRSGTAAIREFAANQLKLPLAVELTQEIRVVANEVAFAFIVSFEYQGRKIVVAPIVHFRFNGAGKVVSVRVLFGEKNIHAGA,Parent,UM_17_D99_27_1ohp_Rosetta_Relax_MATCH_APO_5TS_enzdes_1,GLU,30.0,-18.57799999999952,-366.076,2.815,-18.57799999999952,-366.076,2.815,0.0,14.0,RosettaDesign,Design,0.05
85.0,MNTPEHLTAVVQRWVAALNAGDLDGLVALEADDATVEVPVGSEPRSGTAAIREFAANYLKLPLAIELTQEVRVVANEAAFAFIVSFEYQGRKIVIAPIMHFRFNGAGKLVSVRMLFGEKNIHAGA,Parent,UM_17_D99_27_1ohp_Rosetta_Relax_MATCH_APO_5TS_enzdes_1,GLU,30.0,-18.14599999999973,-363.08,2.436,-18.14599999999973,-363.08,2.436,0.0,15.0,RosettaDesign,Design,0.05
86.0,MNTPEHMTAVVQRYVAAINAGDLDGLVALEADDATVENPVGSEPRSGTAAIREFAANFLKLPWAVELTQEVRAVANEAAFALIISFEYQGRKIVIAPIIHFRFNGAGKLVSVRVLFGEKNIHAGA,Parent,UM_17_D99_27_1ohp_Rosetta_Relax_MATCH_APO_5TS_enzdes_1,GLU,30.0,-16.54700000000048,-368.077,0.318,-16.54700000000048,-368.077,0.318,0.0,14.0,RosettaDesign,Relax,0.05
87.0,MNTPEHLTAVVQRFIAALNAGDLDGLVALEADDATVENPVGSEPRSGTAAIREFAANELKLPLAVELTQEIRVVANEVAFAFIVSFEYQGRKIVVAPIMHFRFNGAGKVVSMRALYGEKNIHAGA,Parent,UM_17_D99_27_1ohp_Rosetta_Relax_MATCH_APO_5TS_enzdes_1,GLU,30.0,-20.73700000000008,-363.873,2.817,-20.73700000000008,-363.873,2.817,0.0,13.0,RosettaDesign,Design,0.05
88.0,MNTPEHLTAVVQRFVAALNAGDLDGLVALEADDATVENPVGSEPRSGTAAIREFAANFLKLPLAVELTQEVRVVANEAAFAFIISFEYQGRKIVVAPIVHFRFNGAGKIVSMRWLFGEKNIHAGA,Parent,UM_17_D99_27_1ohp_Rosetta_Relax_MATCH_APO_5TS_enzdes_1,GLU,30.0,-20.59599999999955,-363.02,2.206,-20.59599999999955,-363.02,2.206,0.0,12.0,RosettaDesign,Design,0.05
89.0,MNTPEHLTAVVQRFVAALNAGDLDGLVALEADDATVEVPVGSEPRSGTAAIREWAANILKLPLAVELTQEIRVVANEVAFAFIVSFEYQGRKIVVAPIMHFRFNGAGKIVSMRMLFGEKNIHAGA,Parent,UM_17_D99_27_1ohp_Rosetta_Relax_MATCH_APO_5TS_enzdes_1,GLU,30.0,-18.399000000000346,-357.84,7.354,-18.399000000000346,-357.84,7.354,0.0,15.0,RosettaDesign,Design,0.05
90.0,MNTPEHITAVIQRLVAALNAGDLDGIVALWADDATVEIPVGSEPRSGTAAIREFWANYLKLPWAVELTQEIRIVANEAAFAFIVSFEYQGRKIVVAPIEHFRFNGAGKIVSVRRLFGEKNIHAGA,Parent,UM_17_D99_27_1ohp_Rosetta_Relax_MATCH_APO_5TS_enzdes_1,GLU,99.0,-21.50799999999981,-368.98,2.894,-21.50799999999981,-368.98,2.894,0.0,15.0,RosettaDesign,Design,0.05
91.0,MNTPEHLTAVVQRLVAALNAGDLDGIVALHADDATVEIPVGSEPRSGTAAIREFWANFLKLPWAVELTQEVRVVANEAAFAFIVSFEYQGRKIVVAPIEHFRFNGAGKIVSVRRLFGEKNIHAGA,Parent,UM_17_D99_27_1ohp_Rosetta_Relax_MATCH_APO_5TS_enzdes_1,GLU,99.0,-22.90399999999954,-368.29,2.633,-22.90399999999954,-368.29,2.633,0.0,13.0,RosettaDesign,Design,0.05
92.0,MNTPEHLTAVVQRLVAALNAGDLDGIVALWADDATVEIPVGSEPRSGTAAIREFWANILKLPLAVELTQEIRVVANEVAFAFIVSFEYQGRKIVVAPIEHLRFNGAGKLVSVRRLFGEKNIHAGA,Parent,UM_17_D99_27_1ohp_Rosetta_Relax_MATCH_APO_5TS_enzdes_1,GLU,99.0,-21.05500000000029,-372.001,3.39,-21.05500000000029,-372.001,3.39,0.0,15.0,RosettaDesign,Design,0.05
93.0,MNTPEHLTAVVQRLVAALNAGDLDGIVALWADDATVEIPVGSEPRSGTAAIREFWANYLKLPWAVELTQEIRVVANEVAFAFIVSFEYQGRKIVVAPIEHIRFNGAGKIVSARQLFGEKNIHAGA,Parent,UM_17_D99_27_1ohp_Rosetta_Relax_MATCH_APO_5TS_enzdes_1,GLU,99.0,-19.81199999999989,-382.684,0.738,-19.81199999999989,-382.684,0.738,0.0,16.0,RosettaDesign,Relax,0.05
94.0,MNTPEHITAVIQRLVAALNAGDLDGIVALWADDATVEIPVGSEPRSGTAAIREFWANYLKLPWAVELTQEIRVVANEAAFAFIVSFEYQGRKIVVAPIEHFRFNGAGKIVSVRRLFGEKNIHAGA,Parent,UM_17_D99_27_1ohp_Rosetta_Relax_MATCH_APO_5TS_enzdes_1,GLU,99.0,-21.19099999999889,-373.579,4.008,-21.19099999999889,-373.579,4.008,0.0,15.0,RosettaDesign,Design,0.05
95.0,MNTPEHITAVIQRLVAALNAGDLDGIVALWADDATVEIPVGSEPRSGTAAIREFWANILKLPLAVELTQEIRIVANEAAFAFIVSFEYQGRKIVVAPIEHFRFNGAGKIVSVRRLFGEKNIHAGA,Parent,UM_17_D99_27_1ohp_Rosetta_Relax_MATCH_APO_5TS_enzdes_1,GLU,99.0,-21.79699999999957,-369.943,3.248,-21.79699999999957,-369.943,3.248,0.0,14.0,RosettaDesign,Design,0.05
96.0,MNTPEHLTAVVQRLVAALNAGDLDGIVALWADDATVEIPVGSEPRSGTAAIREFWANYLKLPWAVELTQEIRVVANEVAFAFIVSFEYQGRKIVVAPIEHLRFNGAGKLVSVRRLFGEKNIHAGA,Parent,UM_17_D99_27_1ohp_Rosetta_Relax_MATCH_APO_5TS_enzdes_1,GLU,99.0,-20.818999999999505,-372.517,2.914,-20.818999999999505,-372.517,2.914,0.0,16.0,RosettaDesign,Design,0.05
97.0,MNTPEHLTAVVQRLVAALNAGDLDGIVALWADDATVEIPVGSEPRSGTAAIREFWANILKLPLAVELTQEIRVVANEVAFAFIVSFEYQGRKIVVAPIEHIRFNGAGKIVSVRRLFGEKNVHAGA,Parent,UM_17_D99_27_1ohp_Rosetta_Relax_MATCH_APO_5TS_enzdes_1,GLU,99.0,-20.97099999999955,-372.949,2.903,-20.97099999999955,-372.949,2.903,0.0,16.0,RosettaDesign,Design,0.05